cquinn,Lab/Program Administrator,ACOM
dryan,Lab/Program Administrator,ACOM
mhanson,Lab/Program Administrator,EOL
jlong,Project Accountant,HAO
mdelaney,Lab/Program Administrator,HAO
magyary,Lab/Program Administrator,MMM
rhauser,Lab/Program Administrator,ASP
jlong,Project Accountant,COSMIC
jlong,Project Accountant,DLS
pats,Lab/Program Administrator,DLS
lackey,Lab/Program Administrator,GLOBE
bbunting,Project Accountant,RAL
jtorrez,Project Accountant,CPAESS
jtorrez,Project Accountant,MMM
lkramer,Project Accountant,CGD
pownell,Project Accountant,SCIED
ruthj,Project Accountant,CISL
ruthj,Project Accountant,DMS
mbreece,Lab/Program Administrator,DLS